gene	start	end	length	strand	gc_content	genetic_code	rbs_motif	marker	evalue	bitscore	uscg	plasmid_hallmark	virus_hallmark	taxid	taxname	annotation_conjscan	annotation_amr	annotation_accessions	annotation_description
ctg242_10x_c_1	1	1347	1347	-1	0.436	11	AGGA	NA	NA	NA	0	0	0	1	NA	NA	NA	NA	NA
ctg242_10x_c_2	1446	1658	213	-1	0.441	11	GGA/GAG/AGG	GENOMAD.225422.VP	3.486e-32	119	0	0	0	1	NA	NA	NA	NA	NA
ctg242_10x_c_3	1910	2296	387	1	0.434	11	GGA/GAG/AGG	NA	NA	NA	0	0	0	1	NA	NA	NA	NA	NA
ctg242_10x_c_4	2291	3394	1104	-1	0.467	11	None	NA	NA	NA	0	0	0	1	NA	NA	NA	NA	NA
ctg242_10x_c_5	3605	3850	246	-1	0.496	11	GGAG/GAGG	GENOMAD.167563.VC	1.318e-09	55	0	0	0	1	NA	NA	NA	PF04908;K03674;COG4837;TIGR02190	Disulfide oxidoreductase YuzD
ctg242_10x_c_6	3847	4197	351	-1	0.419	11	AGGA	GENOMAD.009811.VV	3.021e-15	73	0	0	0	2561	Caudoviricetes	NA	NA	PF13876	Phage protein (N4 Gp49/phage Sf6 gene 66) family
ctg242_10x_c_7	5892	6182	291	-1	0.457	11	GGA/GAG/AGG	GENOMAD.223271.VP	3.933e-51	175	0	0	0	2561	Caudoviricetes	NA	NA	NA	NA
ctg242_10x_c_8	6179	6331	153	-1	0.399	11	AGGAG	GENOMAD.224473.VP	5.99e-25	97	0	0	0	2561	Caudoviricetes	NA	NA	PF03672;COG3763	NA
ctg242_10x_c_9	6328	6543	216	-1	0.440	11	AGGAG	GENOMAD.224443.VP	2.669e-35	128	0	0	0	1	NA	NA	NA	PF20008;COG2005;TIGR04472	NA
ctg242_10x_c_10	6527	6706	180	-1	0.400	11	GGAG/GAGG	GENOMAD.225261.VP	1.533e-27	105	0	0	0	1	NA	NA	NA	NA	NA
ctg242_10x_c_11	6703	8025	1323	-1	0.471	11	GGAGG	GENOMAD.195648.VP	2.281e-271	830	0	0	1	9067	Straboviridae	NA	NA	PF20025;PF01331;PF14743;K18951;TIGR04120;COG1793	DNA ligase, ATP-dependent, PP_1105 family
ctg242_10x_c_12	8022	8492	471	-1	0.412	11	GGxGG	GENOMAD.223217.VP	2.98e-83	271	0	0	0	2561	Caudoviricetes	NA	NA	NA	NA
ctg242_10x_c_13	8560	9336	777	-1	0.436	11	AGGAG	GENOMAD.224271.VP	4.425e-129	409	0	0	0	1	NA	NA	NA	NA	NA
ctg242_10x_c_14	9412	10551	1140	-1	0.474	11	GGA/GAG/AGG	NA	NA	NA	0	0	0	1	NA	NA	NA	NA	NA
ctg242_10x_c_15	10676	12016	1341	-1	0.485	11	AGGA	GENOMAD.158918.VP	1.479e-19	95	0	0	1	2561	Caudoviricetes	NA	NA	PF20307;TIGR00665;K18947;COG0305	replicative DNA helicase
ctg242_10x_c_16	12060	12800	741	-1	0.490	11	GGA/GAG/AGG	GENOMAD.222634.VP	5.167e-130	411	0	0	0	2561	Caudoviricetes	NA	NA	NA	NA
ctg242_10x_c_17	13179	13856	678	1	0.419	11	GGA/GAG/AGG	NA	NA	NA	0	0	0	1	NA	NA	NA	NA	NA
ctg242_10x_c_18	13895	14254	360	-1	0.489	11	GGAGG	GENOMAD.224628.VP	1.605e-55	189	0	0	0	2561	Caudoviricetes	NA	NA	NA	NA
ctg242_10x_c_19	14254	14922	669	-1	0.469	11	GGA/GAG/AGG	GENOMAD.218993.PV	1.378e-05	48	0	0	0	1	NA	NA	NA	PF10609;TIGR03371;COG1192;K03496	cellulose synthase operon protein YhjQ
ctg242_10x_c_20	15241	15510	270	1	0.456	11	AGGAGG	NA	NA	NA	0	0	0	1	NA	NA	NA	NA	NA
ctg242_10x_c_21	15518	16039	522	1	0.402	11	GGAG/GAGG	NA	NA	NA	0	0	0	1	NA	NA	NA	NA	NA
ctg242_10x_c_22	16208	16459	252	-1	0.472	11	GGA/GAG/AGG	NA	NA	NA	0	0	0	1	NA	NA	NA	NA	NA
ctg242_10x_c_23	16461	17153	693	-1	0.506	11	AGGAG	GENOMAD.205356.VP	3.322e-24	104	0	0	0	2561	Caudoviricetes	NA	NA	NA	NA
ctg242_10x_c_24	17167	17490	324	-1	0.525	11	GGAGG	GENOMAD.219539.VP	1.492e-58	197	0	0	0	1	NA	NA	NA	NA	NA
ctg242_10x_c_25	17565	18347	783	-1	0.517	11	AGGAG	GENOMAD.072317.VV	4.778e-103	334	0	0	0	9067	Straboviridae	NA	NA	NA	NA
ctg242_10x_c_26	18414	23462	5049	-1	0.504	11	AGGAG	GENOMAD.218448.VP	7.956e-207	696	0	0	1	2561	Caudoviricetes	NA	NA	PF12604	Tail fibre protein gp37 C terminal
ctg242_10x_c_27	23556	28283	4728	-1	0.473	11	AGGA/GGAG/GAGG	GENOMAD.180967.VP	7.129e-98	356	0	0	1	2561	Caudoviricetes	NA	NA	PF13550;COG4733	Phage-related protein, tail component
ctg242_10x_c_28	28302	28895	594	-1	0.478	11	GGAG/GAGG	GENOMAD.152617.VP	3.664e-18	85	0	0	1	2561	Caudoviricetes	NA	NA	PF06805;COG4723;TIGR01687	Phage-related protein, tail component
ctg242_10x_c_29	28883	29680	798	-1	0.485	11	GGAG/GAGG	GENOMAD.168265.VP	1.968e-39	150	0	0	0	2561	Caudoviricetes	NA	NA	PF14464;COG1310;K21140;TIGR02256	Proteasome lid subunit RPN8/RPN11, contains Jab1/MPN domain metalloenzyme (JAMM) motif
ctg242_10x_c_30	29673	30371	699	-1	0.478	11	AGGA	GENOMAD.152072.VP	3.85e-83	275	0	0	1	2561	Caudoviricetes	NA	NA	PF05100;COG4672;TIGR01600;K18959	Phage minor tail protein L
ctg242_10x_c_31	30454	30789	336	-1	0.402	11	AGGA	GENOMAD.142618.VP	3.344e-20	87	0	0	1	2561	Caudoviricetes	NA	NA	PF05939;COG4718;TIGR02217	Phage-related protein
ctg242_10x_c_32	30832	34938	4107	-1	0.504	11	None	GENOMAD.178476.VP	2.408e-239	782	0	0	0	2561	Caudoviricetes	NA	NA	NA	NA
ctg242_10x_c_33	35043	35369	327	1	0.544	11	GGAG/GAGG	NA	NA	NA	0	0	0	1	NA	NA	NA	NA	NA
ctg242_10x_c_34	35369	36256	888	1	0.537	11	GGA/GAG/AGG	NA	NA	NA	0	0	0	1	NA	NA	NA	NA	NA
ctg242_10x_c_35	36138	36716	579	-1	0.478	11	AGGA	NA	NA	NA	0	0	0	1	NA	NA	NA	NA	NA
ctg242_10x_c_36	36724	36957	234	-1	0.521	11	None	GENOMAD.192874.VP	1.223e-30	115	0	0	0	2561	Caudoviricetes	NA	NA	NA	NA
ctg242_10x_c_37	37074	37391	318	-1	0.450	11	AGGA	GENOMAD.212145.VP	1.225e-59	200	0	0	0	1	NA	NA	NA	NA	NA
ctg242_10x_c_38	37447	38193	747	-1	0.502	11	AGGAG	GENOMAD.132619.VP	8.867e-43	159	0	0	0	2561	Caudoviricetes	NA	NA	NA	NA
ctg242_10x_c_39	38268	38651	384	-1	0.422	11	GGAG/GAGG	GENOMAD.171056.VP	3.187e-60	203	0	0	1	2561	Caudoviricetes	NA	NA	PF12691	Bacteriophage minor capsid protein
ctg242_10x_c_40	38653	39126	474	-1	0.502	11	AGxAGG/AGGxGG	GENOMAD.195646.VP	1.601e-65	220	0	0	1	2561	Caudoviricetes	NA	NA	PF11114;TIGR01725	phage protein, HK97 gp10 family
ctg242_10x_c_41	39117	39461	345	-1	0.478	11	GGA/GAG/AGG	GENOMAD.180831.VP	1.881e-43	154	0	0	1	2561	Caudoviricetes	NA	NA	PF10665	Minor capsid protein
ctg242_10x_c_42	39541	40374	834	-1	0.488	11	AGxAGG/AGGxGG	GENOMAD.179799.VP	1.846e-113	365	0	0	0	2561	Caudoviricetes	NA	NA	NA	NA
ctg242_10x_c_43	40374	40673	300	-1	0.500	11	AGGA/GGAG/GAGG	GENOMAD.171885.VP	1.414e-31	119	0	0	0	2561	Caudoviricetes	NA	NA	NA	NA
ctg242_10x_c_44	40853	41773	921	-1	0.481	11	AGGAG	GENOMAD.221754.VP	2.321e-26	113	0	0	0	1	NA	NA	NA	NA	NA
ctg242_10x_c_45	41847	42722	876	-1	0.487	11	GGA/GAG/AGG	GENOMAD.208864.VP	1.984e-40	154	0	0	1	2561	Caudoviricetes	NA	NA	PF19307;TIGR01554;COG4653	Phage capsid-like protein
ctg242_10x_c_46	42748	43635	888	-1	0.516	11	AGGA	GENOMAD.180474.VP	2.517e-62	218	0	0	0	2561	Caudoviricetes	NA	NA	PF20356	NA
ctg242_10x_c_47	43657	45231	1575	-1	0.455	11	GGA/GAG/AGG	GENOMAD.168006.VP	4.435e-139	452	0	0	0	2561	Caudoviricetes	NA	NA	PF13264	NA
ctg242_10x_c_48	45258	46514	1257	-1	0.486	11	GGAGG	GENOMAD.140749.VP	1.308e-43	168	0	0	1	2561	Caudoviricetes	NA	NA	PF17288	Terminase RNAseH like domain
ctg242_10x_c_49	46514	47146	633	-1	0.494	11	GGAG/GAGG	GENOMAD.195594.VP	6.17e-76	253	0	0	1	2561	Caudoviricetes	NA	NA	PF11242;COG5352;TIGR02417;K13583	Transposase
ctg242_10x_c_50	47343	47609	267	-1	0.464	11	AGGA	GENOMAD.221585.VP	1.005e-37	136	0	0	0	2561	Caudoviricetes	NA	NA	PF14557;COG1695;TIGR04472;K03712	DNA-binding transcriptional regulator, PadR family
ctg242_10x_c_51	47619	48509	891	-1	0.519	11	GGAG/GAGG	NA	NA	NA	0	0	0	1	NA	NA	NA	NA	NA
ctg242_10x_c_52	48506	49171	666	-1	0.509	11	GGAG/GAGG	NA	NA	NA	0	0	0	1	NA	NA	NA	NA	NA
ctg242_10x_c_53	49168	49836	669	-1	0.484	11	AGGAG	GENOMAD.159709.VV	6.079e-05	46	0	0	0	2561	Caudoviricetes	NA	NA	NA	NA
ctg242_10x_c_54	49836	50516	681	-1	0.464	11	3Base/5BMM	NA	NA	NA	0	0	0	1	NA	NA	NA	NA	NA
ctg242_10x_c_55	50599	52158	1560	1	0.474	11	AGGA	GENOMAD.152072.VP	1.995e-38	155	0	0	1	2561	Caudoviricetes	NA	NA	PF05100;COG4672;TIGR01600;K18959	Phage minor tail protein L
ctg242_10x_c_56	52161	52439	279	1	0.358	11	GGA/GAG/AGG	GENOMAD.224680.VP	7.3e-43	151	0	0	0	1	NA	NA	NA	NA	NA
ctg242_10x_c_57	52466	52930	465	1	0.469	11	GGAG/GAGG	NA	NA	NA	0	0	0	1	NA	NA	NA	NA	NA
ctg242_10x_c_58	52935	53459	525	1	0.448	11	None	GENOMAD.224227.VP	4.609e-104	332	0	0	0	2561	Caudoviricetes	NA	NA	PF03614	Repressor of phase-1 flagellin
ctg242_10x_c_59	53520	53771	252	1	0.433	11	None	GENOMAD.169587.VV	3.827e-45	157	0	0	0	1	NA	NA	NA	NA	NA
ctg242_10x_c_60	54055	54705	651	1	0.382	11	AGGA	GENOMAD.223168.VP	3.276e-120	381	0	0	0	2561	Caudoviricetes	NA	NA	NA	NA
ctg242_10x_c_61	54754	54957	204	1	0.397	11	GGA/GAG/AGG	GENOMAD.225515.VP	3.948e-37	133	0	0	0	1	NA	NA	NA	NA	NA
ctg242_10x_c_62	54978	55208	231	1	0.368	11	AGGAG	GENOMAD.223726.VP	2.338e-31	117	0	0	0	2561	Caudoviricetes	NA	NA	NA	NA
ctg242_10x_c_63	55825	56307	483	-1	0.462	11	AGGA	GENOMAD.223369.VP	5.617e-95	305	0	0	0	1	NA	NA	NA	NA	NA
ctg242_10x_c_64	56512	56793	282	-1	0.486	11	GGAG/GAGG	GENOMAD.224610.VP	1.676e-58	196	0	0	0	1	NA	NA	NA	NA	NA
ctg242_10x_c_65	56983	57126	144	-1	0.458	11	GGxGG	NA	NA	NA	0	0	0	1	NA	NA	NA	NA	NA
ctg242_10x_c_66	57129	57503	375	-1	0.443	11	AGGA	GENOMAD.221059.VP	6.426e-84	271	0	0	0	2561	Caudoviricetes	NA	NA	NA	NA
ctg242_10x_c_67	57621	58016	396	-1	0.490	11	GGAG/GAGG	GENOMAD.219752.VP	1.814e-35	132	0	0	0	2561	Caudoviricetes	NA	NA	NA	NA
ctg242_10x_c_68	58144	58455	312	-1	0.462	11	GGAG/GAGG	GENOMAD.223526.VP	1.659e-55	188	0	0	0	1	NA	NA	NA	NA	NA
ctg242_10x_c_69	58610	58939	330	-1	0.421	11	AGGA	GENOMAD.147694.VV	1.111e-70	232	0	0	0	1	NA	NA	NA	NA	NA
ctg242_10x_c_70	60494	61228	735	-1	0.407	11	AGGA/GGAG/GAGG	NA	NA	NA	0	0	0	1	NA	NA	NA	NA	NA
ctg242_10x_c_71	61274	61573	300	-1	0.473	11	GGAG/GAGG	GENOMAD.171582.VP	5.082e-42	149	0	0	0	2561	Caudoviricetes	NA	NA	PF19419	NA
ctg242_10x_c_72	61735	63768	2034	-1	0.525	11	AGxAG	NA	NA	NA	0	0	0	1	NA	NA	NA	NA	NA
ctg242_10x_c_73	63926	65026	1101	1	0.510	11	AGGAG	NA	NA	NA	0	0	0	1	NA	NA	NA	NA	NA
ctg242_10x_c_74	65064	65453	390	-1	0.490	11	GGAG/GAGG	GENOMAD.180534.VP	9.405e-07	49	0	0	0	2561	Caudoviricetes	NA	NA	NA	NA
ctg242_10x_c_75	66255	66881	627	-1	0.445	11	GGA/GAG/AGG	GENOMAD.222540.VP	1.653e-72	243	0	0	0	1	NA	NA	NA	NA	NA
ctg242_10x_c_76	66878	67261	384	-1	0.440	11	GGAG/GAGG	GENOMAD.114430.VV	2.013e-81	264	0	0	0	1	NA	NA	NA	NA	NA
ctg242_10x_c_77	67258	67479	222	-1	0.482	11	AGGAG	GENOMAD.102148.VV	3.308e-19	82	0	0	0	2561	Caudoviricetes	NA	NA	NA	NA
ctg242_10x_c_78	67472	68176	705	-1	0.465	11	GGA/GAG/AGG	GENOMAD.170694.VP	1.902e-46	169	0	0	0	2561	Caudoviricetes	NA	NA	PF04448	NA
ctg242_10x_c_79	68176	68364	189	-1	0.444	11	GGAG/GAGG	GENOMAD.212777.VV	4.205e-34	124	0	0	0	1	NA	NA	NA	NA	NA
ctg242_10x_c_80	68361	68684	324	-1	0.503	11	GGA/GAG/AGG	NA	NA	NA	0	0	0	1	NA	NA	NA	NA	NA
ctg242_10x_c_81	68681	69082	402	-1	0.480	11	AGGAG	GENOMAD.180969.VP	9.515e-27	107	0	0	0	2561	Caudoviricetes	NA	NA	PF13935;PF03976;COG0125;TIGR00041	Ead/Ea22-like protein; Polyphosphate kinase 2 (PPK2)
ctg242_10x_c_82	69079	69630	552	-1	0.495	11	AGxAG	GENOMAD.142390.VV	2.374e-29	117	0	0	0	2561	Caudoviricetes	NA	NA	NA	NA
ctg242_10x_c_83	69769	70149	381	-1	0.457	11	GGAG/GAGG	GENOMAD.151642.VV	9.348e-73	239	0	0	0	1	NA	NA	NA	NA	NA
ctg242_10x_c_84	70149	70853	705	-1	0.479	11	GGA/GAG/AGG	GENOMAD.198278.VP	1.106e-132	418	0	0	0	2561	Caudoviricetes	NA	NA	NA	NA
ctg242_10x_c_85	70915	72600	1686	-1	0.498	11	None	GENOMAD.222265.VP	1.127e-96	330	0	0	0	2561	Caudoviricetes	NA	NA	NA	NA
ctg242_10x_c_86	72704	73318	615	-1	0.392	11	GGA/GAG/AGG	GENOMAD.104239.VV	5.497e-83	273	0	0	0	2561	Caudoviricetes	NA	NA	NA	NA
ctg242_10x_c_87	73321	73602	282	-1	0.390	11	GGA/GAG/AGG	GENOMAD.112811.VV	3.163e-36	132	0	0	0	377	Drexlerviridae	NA	NA	NA	NA
ctg242_10x_c_88	73657	74226	570	-1	0.437	11	AGGA	NA	NA	NA	0	0	0	1	NA	NA	NA	NA	NA
ctg242_10x_c_89	74366	74524	159	-1	0.478	11	GGA/GAG/AGG	GENOMAD.195074.VP	2.618e-12	61	0	0	0	2561	Caudoviricetes	NA	NA	PF13064	NA
ctg242_10x_c_90	74524	74949	426	-1	0.488	11	AGGA	GENOMAD.224247.VP	4.795e-79	258	0	0	0	2561	Caudoviricetes	NA	NA	PF05099;K05793;COG4103	Uncharacterized conserved protein, tellurite resistance protein B (TerB) family
ctg242_10x_c_91	75043	75231	189	-1	0.434	11	AGxAGG/AGGxGG	GENOMAD.066254.VV	2.158e-18	79	0	0	0	2561	Caudoviricetes	NA	NA	NA	NA
ctg242_10x_c_92	75241	75735	495	-1	0.481	11	GGAG/GAGG	GENOMAD.225764.VP	3.815e-76	251	0	0	0	1	NA	NA	NA	NA	NA
ctg242_10x_c_93	75881	76474	594	-1	0.466	11	AGGAG	GENOMAD.217990.VC	4.32e-05	46	0	0	0	1	NA	NA	NA	PF00075;COG3341;K14159	RNase HI-related protein, contains viroplasmin and RNaseH domains
ctg242_10x_c_94	77057	77287	231	-1	0.442	11	AGGA	GENOMAD.223441.VP	2.031e-40	143	0	0	0	1	NA	NA	NA	NA	NA
ctg242_10x_c_95	77474	78067	594	-1	0.485	11	GGA/GAG/AGG	NA	NA	NA	0	0	0	1	NA	NA	NA	NA	NA
ctg242_10x_c_96	78251	79060	810	-1	0.393	11	AGGAG	GENOMAD.222269.VP	5.199e-124	395	0	0	0	2561	Caudoviricetes	NA	NA	NA	NA
ctg242_10x_c_97	79221	79778	558	-1	0.428	11	AGGAG	GENOMAD.148531.VC	3.637e-06	49	0	0	0	2561	Caudoviricetes	NA	NA	PF00929;COG1949;TIGR01407;K10857	Oligoribonuclease (3'-5' exoribonuclease)
ctg242_10x_c_98	79788	80207	420	-1	0.455	11	AGGA	GENOMAD.223588.VP	1.299e-75	248	0	0	0	1	NA	NA	NA	NA	NA
ctg242_10x_c_99	80269	80913	645	-1	0.478	11	AGxAGG/AGGxGG	GENOMAD.182763.VC	1.238e-05	48	0	0	0	1	NA	NA	NA	PF13521;COG3911;TIGR00041;K15518	Predicted ATPase
ctg242_10x_c_100	80913	81389	477	-1	0.493	11	GGAG/GAGG	NA	NA	NA	0	0	0	1	NA	NA	NA	NA	NA
ctg242_10x_c_101	81386	81799	414	-1	0.500	11	GGxGG	GENOMAD.223376.VP	6.582e-82	266	0	0	0	1	NA	NA	NA	PF09949;TIGR01689	Phosphatidate phosphatase APP1, catalytic domain
ctg242_10x_c_102	81801	82904	1104	-1	0.486	11	GGAG/GAGG	GENOMAD.030736.VV	1.62e-08	59	0	0	0	2561	Caudoviricetes	NA	NA	PF00303;COG0207;TIGR03284;K00560	Thymidylate synthase
ctg242_10x_c_103	83075	83944	870	-1	0.459	11	AGGA/GGAG/GAGG	NA	NA	NA	0	0	0	1	NA	NA	NA	NA	NA
ctg242_10x_c_104	84022	85164	1143	-1	0.463	11	AGGA	GENOMAD.030715.VV	2.645e-33	136	0	0	0	2561	Caudoviricetes	NA	NA	PF00268;COG0208;TIGR04171	Ribonucleotide reductase beta subunit, ferritin-like domain
ctg242_10x_c_105	85265	87511	2247	-1	0.490	11	None	GENOMAD.029837.VV	1.434e-45	181	0	0	0	2561	Caudoviricetes	NA	NA	PF05673;TIGR03420;COG1466	DnaA regulatory inactivator Hda
ctg242_10x_c_106	87654	88223	570	-1	0.467	11	AGGAG	GENOMAD.153294.VP	1.583e-72	242	0	0	0	5262	Schitoviridae	NA	NA	PF02075;COG0817;TIGR00228;K01159	Holliday junction resolvasome RuvABC endonuclease subunit
ctg242_10x_c_107	88233	88976	744	-1	0.452	11	GGAG/GAGG	GENOMAD.224162.VP	1.913e-124	395	0	0	0	1	NA	NA	NA	NA	NA
ctg242_10x_c_108	88966	90882	1917	-1	0.467	11	GGAG/GAGG	GENOMAD.176906.VP	1.2e-20	100	0	0	0	2561	Caudoviricetes	NA	NA	PF07888;PF02463;TIGR00606;K22803;COG3096	rad50
ctg242_10x_c_109	92042	92974	933	-1	0.472	11	AGGA	GENOMAD.220361.VP	3.214e-114	369	0	0	0	2561	Caudoviricetes	NA	NA	PF14582;COG0420;TIGR00619;K03547	DNA repair exonuclease SbcCD nuclease subunit
ctg242_10x_c_110	93229	93873	645	-1	0.459	11	None	GENOMAD.222271.VP	2.592e-113	361	0	0	0	2561	Caudoviricetes	NA	NA	COG4043	ASC-1 homology (ASCH) domain, predicted RNA-binding domain
ctg242_10x_c_111	94617	95672	1056	1	0.463	11	GGA/GAG/AGG	GENOMAD.132605.PV	7.506e-86	289	0	1	0	2561	Caudoviricetes	NA	NA	PF07042;COG5527	TrfA protein
ctg242_10x_c_112	96161	96373	213	-1	0.488	11	AGGAGG	GENOMAD.220953.VP	4.006e-16	73	0	0	0	8278	Ackermannviridae	NA	NA	NA	NA
ctg242_10x_c_113	96373	96708	336	-1	0.482	11	GGAG/GAGG	GENOMAD.224208.VP	1.81e-58	197	0	0	0	1	NA	NA	NA	NA	NA
ctg242_10x_c_114	96924	97199	276	-1	0.438	11	AGGA	GENOMAD.222687.VP	1.248e-52	179	0	0	0	1	NA	NA	NA	NA	NA
ctg242_10x_c_115	97255	97680	426	-1	0.469	11	AGGA	GENOMAD.091934.VV	1.021e-62	211	0	0	0	9067	Straboviridae	NA	NA	NA	NA
ctg242_10x_c_116	97772	98602	831	-1	0.478	11	AGGAG	GENOMAD.215557.VP	5.139e-26	111	0	0	0	2561	Caudoviricetes	NA	NA	PF16408;COG5510;K06345	Predicted small secreted protein
ctg242_10x_c_117	98606	98806	201	-1	0.418	11	AGGA	GENOMAD.195585.VP	5.885e-18	78	0	0	0	2561	Caudoviricetes	NA	NA	NA	NA
ctg242_10x_c_118	98900	101239	2340	-1	0.480	11	AGGAG	NA	NA	NA	0	0	0	1	NA	NA	NA	NA	NA
ctg242_10x_c_119	101242	101508	267	-1	0.479	11	GGA/GAG/AGG	GENOMAD.224297.VP	1.79e-47	164	0	0	0	1	NA	NA	NA	NA	NA
ctg242_10x_c_120	101508	102452	945	-1	0.476	11	AGGA	GENOMAD.218988.VP	3.068e-79	268	0	0	1	1	NA	NA	NA	PF09293	T4 RNase H, C terminal
ctg242_10x_c_121	102513	103541	1029	-1	0.487	11	AGGAG	GENOMAD.106654.VP	4.488e-67	234	0	0	1	2561	Caudoviricetes	NA	NA	PF08804;K18946	gp32 DNA binding protein like
ctg242_10x_c_122	103659	104090	432	-1	0.461	11	AGGA	GENOMAD.132229.VP	2.209e-55	190	0	0	1	9913	Herelleviridae	NA	NA	PF11056	Recombination, repair and ssDNA binding protein UvsY
ctg242_10x_c_123	104216	107734	3519	-1	0.492	11	GGA/GAG/AGG	GENOMAD.220689.VP	1.25e-79	294	0	0	0	2561	Caudoviricetes	NA	NA	PF03167;TIGR03914;COG1573;K21929	uracil-DNA glycosylase family domain
ctg242_10x_c_124	107916	109151	1236	-1	0.469	11	AGGA	GENOMAD.066492.VV	8.491e-08	57	0	0	0	2561	Caudoviricetes	NA	NA	PF07726;K09882;TIGR01650;COG0714	cobaltochelatase, CobS subunit
ctg242_10x_c_125	109247	110023	777	-1	0.441	11	None	GENOMAD.219220.VP	3.299e-11	66	0	0	0	2561	Caudoviricetes	NA	NA	PF06213;PF11775;COG4547	Cobalamin biosynthesis protein CobT; Cobalamin biosynthesis protein CobT VWA domain
